[
    {
	"teks": "Star Platinum",
	"image": "https://static.jojowiki.com/images/4/47/latest/20191015215714/StarPlatinum_A06.png"
    },
    {
	"teks": "Hermit Purple",
	"image": "https://static.jojowiki.com/images/b/b3/latest/20191015215504/HermitPurple.png"
    },
    {
        "teks": "Magician Red",
        "image": "https://static.jojowiki.com/images/8/83/latest/20191015215858/Magician%27s_Red.png"
    },
    {
        "teks": "Hierophant Green",
        "image": "https://static.jojowiki.com/images/d/d9/latest/20191015212836/HierophantGreen_Anime.png"
    },
    {
        "teks": "Silver Chariot",
        "image": "https://static.jojowiki.com/images/8/85/latest/20191015214823/Silver_Chariot_stats.png"
    },
    {
        "teks": "The Fool",
        "image": "https://static.jojowiki.com/images/2/2f/latest/20200510050114/TheFool_Anime.png"
    },
    {
        "teks": "Tower of Gray",
        "image": "https://static.jojowiki.com/images/a/a2/latest/20191015214930/Tower-of-Gray.png"
    },
    {
        "teks": "Dark Blue Moon",
        "image": "https://static.jojowiki.com/images/a/a9/latest/20191015215058/DarkBlueMoon_A06.png"
    },
    {
        "teks": "Strength",
        "image": "https://static.jojowiki.com/images/3/3e/latest/20191015214041/Strength_A07.png"
    },
    {
        "teks": "Ebony Devil",
        "image": "https://static.jojowiki.com/images/f/fa/latest/20191015213727/Ebony_Devil-A08.png"
    },
    {
        "teks": "Yellow Temperance",
        "image": "https://static.jojowiki.com/images/6/68/latest/20200510051339/YellowTemperance_A09.png"
    },
    {
        "teks": "Emperor",
        "image": "https://static.jojowiki.com/images/b/ba/latest/20200510051457/Emperorstats.png"
    },
    {
        "teks": "Hangedman",
        "image": "https://static.jojowiki.com/images/0/09/latest/20200510051522/Hangedmanstats.png"
    },
    {
        "teks": "Empress",
        "image": "https://static.jojowiki.com/images/5/52/latest/20200510051622/Empress_Stats_HD.png"
    },
    {
        "teks": "Wheel of Fortune",
        "image": "https://static.jojowiki.com/images/0/0c/latest/20191015214454/WOF_Stats_HD.png"
    },
    {
        "teks": "Justice",
        "image": "https://static.jojowiki.com/images/b/bf/latest/20191015215559/Justice_Anime_Stats.png"
    },
    {
        "teks": "Lovers",
        "image": "https://static.jojowiki.com/images/f/f7/latest/20191015213431/Loversstats.png"
    },
    {
        "teks": "The Sun",
        "image": "https://static.jojowiki.com/images/5/51/latest/20191015214438/TheSunstats.png"
    },
    {
        "teks": "Death Thirteen",
        "image": "https://static.jojowiki.com/images/d/dd/latest/20191015214053/DeathThirteen_Anime.png"
    },
    {
        "teks": "Judgment",
        "image": "https://static.jojowiki.com/images/d/de/latest/20191015213854/JudgmentAnime.png"
    },
    {
        "teks": "High Priestess",
        "image": "https://static.jojowiki.com/images/a/a0/latest/20191015214514/HighPriestess_Anime.png"
    },
    {
        "teks": "Geb",
        "image": "https://static.jojowiki.com/images/a/af/latest/20200510051715/Geb_Anime.png"
    },
    {
        "teks": "Khnum",
        "image": "https://static.jojowiki.com/images/8/89/latest/20191015213636/Khnum_Anime.png"
    },
    {
        "teks": "Tohth",
        "image": "https://static.jojowiki.com/images/6/66/latest/20200510051924/Tohth_stats.png"
    },
    {
        "teks": "Anubis",
        "image": "https://static.jojowiki.com/images/7/7c/latest/20191015220049/Anubis_stats_%28Chaka%29.png"
    },
    {
        "teks": "Bastet",
        "image": "https://static.jojowiki.com/images/7/73/latest/20191015220007/Bastet_Anime.png"
    },
    {
        "teks": "Sethan",
        "image": "https://static.jojowiki.com/images/a/ad/latest/20191015213156/Sethan_Stats.png"
    },
    {
        "teks": "Osiris",
        "image": "https://static.jojowiki.com/images/1/16/latest/20191015212824/Osiris_Stats.png"
    },
    {
        "teks": "Horus",
        "image": "https://static.jojowiki.com/images/e/e3/latest/20191015214152/Horus_stats.png"
    },
    {
        "teks": "Atum",
        "image": "https://static.jojowiki.com/images/c/c7/latest/20191015213444/Atum_stats.png"
    },
    {
        "teks": "Cream",
        "image": "https://static.jojowiki.com/images/f/f5/latest/20191015215223/CreamAnime.png"
    },
    {
        "teks": "The World",
        "image": "https://static.jojowiki.com/images/f/f7/latest/20191015215723/The_World_stats.png"
    },
    {
        "teks": "Crazy Diamond",
        "image": "https://static.jojowiki.com/images/d/dd/latest/20191015214849/Crazy_Diamond_stats.png"
    },
    {
        "teks": "The Hand",
        "image": "https://static.jojowiki.com/images/4/46/latest/20191015213255/The_Hand_Stats.png"
    },
    {
        "teks": "Echoes ACT1",
        "image": "https://static.jojowiki.com/images/7/73/latest/20191015213942/EchoesACT1_stats.png"
    },
    {
        "teks": "Echoes ACT3",
        "image": "https://static.jojowiki.com/images/1/16/latest/20191015214020/EchoesACT3_stats.png"
    },
    {
        "teks": "Heaven's Door",
        "image": "https://static.jojowiki.com/images/0/04/latest/20191015213752/Heaven%27s_Door_stats.png"
    },
    {
        "teks": "Aqua Necklace",
        "image": "https://static.jojowiki.com/images/e/e1/latest/20191015214744/Aqua_Necklace_AnimeStats.png"
    },
    {
        "teks": "Bad Company",
        "image": "https://static.jojowiki.com/images/5/5b/latest/20191015215528/Bad_Company_stats.png"
    },
    {
        "teks": "The Lock",
        "image": "https://static.jojowiki.com/images/e/ee/latest/20191015215924/The_Lock_stats.png"
    },
    {
        "teks": "Surface",
        "image": "https://static.jojowiki.com/images/5/5e/latest/20191015215758/Surface_Stats.png"
    },
    {
        "teks": "Pearl Jam",
        "image": "https://static.jojowiki.com/images/0/06/latest/20191015215824/Pearl_Jam%27s_stats.png"
    },
    {
        "teks": "Red Hot Chili Pepper",
        "image": "https://static.jojowiki.com/images/a/a1/latest/20191015213846/Red_Hot_Chili_Pepper_Stats.png"
    },
    {
        "teks": "Harvest",
        "image": "https://static.jojowiki.com/images/f/f7/latest/20191015215936/Harvest_Stats.png"
    },
    {
        "teks": "Cinderella",
        "image": "https://static.jojowiki.com/images/b/bd/latest/20191015213311/Cinderella_Stats.png"
    },
    {
        "teks": "Killer Queen",
        "image": "https://static.jojowiki.com/images/6/6b/latest/20191015212745/Killer_Queen_Stats.png"
    },
    {
        "teks": "Sheer Heart Attack",
        "image": "https://static.jojowiki.com/images/f/fe/latest/20191015214904/Sheer_Heart_Attack_Stats.png"
    },
    {
        "teks": "Atom Heart Father",
        "image": "https://static.jojowiki.com/images/b/bd/latest/20191015214020/Atom_Heart_Father_Stats.png"
    },
    {
        "teks": "Earth Wind and Fire",
        "image": "https://static.jojowiki.com/images/7/72/latest/20191015213243/Earth_Wind_and_Fire_stats.png"
    },
    {
        "teks": "Highway Star",
        "image": "https://static.jojowiki.com/images/e/e7/latest/20191015215934/Highway_Star_Stats.png"
    },
    {
        "teks": "Super Fly",
        "image": "https://static.jojowiki.com/images/1/17/latest/20191015213657/Super_Fly_Stats.png"
    },
    {
        "teks": "Enigma",
        "image": "https://static.jojowiki.com/images/a/a5/latest/20191015214835/Enigma_stats.png"
    },
    {
        "teks": "Cheap Trick",
        "image": "https://static.jojowiki.com/images/f/fa/latest/20191015220201/Cheap_Trick_Stats.png"
    },
    {
        "teks": "Killer Queen: Bites the Dust",
        "image": "https://static.jojowiki.com/images/8/84/latest/20191016205623/KQKosakuStats.PNG"
    },
    {
        "teks": "Star Platinum: The World",
        "image": "https://static.jojowiki.com/images/f/f3/latest/20191015212726/SPTheWorldIncorrectStats.png"
    },
    {
        "teks": "Gold Experience",
        "image": "https://static.jojowiki.com/images/d/d5/latest/20191015213237/Gold_Experience_Stats.png"
    },
    {
        "teks": "Sticky Fingers",
        "image": "https://static.jojowiki.com/images/c/cd/latest/20191015215544/Sticky_Fingers_stats.png"
    },
    {
        "teks": "Moody Blues",
        "image": "https://static.jojowiki.com/images/5/5f/latest/20191015215218/Moody_Blues_Stats.png"
    },
    {
        "teks": "Sex Pistols",
        "image": "https://static.jojowiki.com/images/0/0c/latest/20191015212807/Sex_Pistols_Stats.png"
    },
    {
        "teks": "Aerosmith",
        "image": "https://static.jojowiki.com/images/c/c4/latest/20191015213357/Aerosmith_Stats.png"
    },
    {
        "teks": "Purple Haze",
        "image": "https://static.jojowiki.com/images/4/4e/latest/20191015215711/Purple_Haze_Stats.png"
    },
    {
        "teks": "Mr. President",
        "image": "https://static.jojowiki.com/images/5/59/latest/20191015215522/Mr._President_Stats.png"
    },
    {
        "teks": "Spice Girl",
        "image": "https://static.jojowiki.com/images/2/2f/latest/20191015220118/Spice_Girl_Stats.png"
    },
    {
        "teks": "Black Sabbath",
        "image": "https://static.jojowiki.com/images/5/53/latest/20200407053019/Black_Sabbath_Stats.png"
    },
    {
        "teks": "Soft Machine",
        "image": "https://static.jojowiki.com/images/d/d0/latest/20191015215521/Soft_Machine_Stats.png"
    },
    {
        "teks": "Kraft Work",
        "image": "https://static.jojowiki.com/images/1/19/latest/20191015213654/Kraft_Work_Stats.png"
    },
    {
        "teks": "Little Feet",
        "image": "https://static.jojowiki.com/images/0/03/latest/20191015213857/Little_Feet_Stats.png"
    },
    {
        "teks": "Man in the Mirror",
        "image": "https://static.jojowiki.com/images/d/de/latest/20191015213801/Man_in_the_Mirror_Stats.png"
    },
    {
        "teks": "Gratefut Dead",
        "image": "https://static.jojowiki.com/images/3/34/latest/20191015215638/Grateful_dead_anime_stats.png"
    },
    {
        "teks": "Beach Boy",
        "image": "https://static.jojowiki.com/images/c/c5/latest/20191015215932/Beach_Boy_Stats.png"
    },
    {
        "teks": "Baby Face",
        "image": "https://static.jojowiki.com/images/8/82/latest/20191015214014/Babyface_anime_stats.png"
    },
    {
        "teks": "White Album",
        "image": "https://static.jojowiki.com/images/2/21/latest/20191015215937/White_Album_Stats.png"
    },
    {
        "teks": "King Crimson",
        "image": "https://static.jojowiki.com/images/7/71/latest/20191015214515/King_Crimson_Stats.png"
    },
    {
        "teks": "Clash",
        "image": "https://static.jojowiki.com/images/f/f2/latest/20191015213905/Clash_Stats.png"
    },
    {
        "teks": "Talking Head",
        "image": "https://static.jojowiki.com/images/d/de/latest/20191015213408/Talking_Head_Stats.png"
    },
    {
        "teks": "Notorious BIG",
        "image": "https://static.jojowiki.com/images/b/ba/latest/20191015213047/NotoriousBIGStats.jpg"
    },
    {
        "teks": "Metallica",
        "image": "https://static.jojowiki.com/images/d/d2/latest/20191015214022/Metallica_Stats.png"
    },
    {
        "teks": "Green Day",
        "image": "https://static.jojowiki.com/images/4/46/latest/20191015215603/Green_Day_Stats.png"
    },
    {
        "teks": "Oasis",
        "image": "https://static.jojowiki.com/images/5/5f/latest/20191015215519/Oasis_Stats_Anime.png"
    },
    {
        "teks": "Chariot Requiem",
        "image": "https://static.jojowiki.com/images/2/2e/latest/20191126075602/Chariot_Requiem_Stats.png"
    },
    {
        "teks": "Gold Experience Requiem",
        "image": "https://static.jojowiki.com/images/7/72/latest/20191126075709/Gold_Experience_Requiem_Stats.png"
    },
    {
        "teks": "Rolling Stones",
        "image": "https://static.jojowiki.com/images/d/df/latest/20191126075654/Rolling_Stones_stats.png"
    }
]